State,City,Location,Pin Code,Bank,Restaurant,Hospital,Shopping Mall,School
Maharastra,Mumbai,August Kranti Marg,400036,Bank1,Dineout1,CareCentre1,Mall1,DPS1
Maharastra,Mumbai,Aarey Milk Colony,400065,Bank2,Dineout2,CareCentre2,Mall2,DPS2
Maharastra,Mumbai,Andheri (East),400069,Bank3,Dineout3,CareCentre3,Mall3,DPS3
Maharastra,Mumbai,Andheri (West),400058,Bank4,Dineout4,CareCentre4,Mall4,DPS4
Maharastra,Mumbai,Antop Hill,400037,Bank5,Dineout5,CareCentre5,Mall5,DPS5
Maharastra,Mumbai,Anu Shakti Nagar,400094,Bank6,Dineout6,CareCentre6,Mall6,DPS6
Maharastra,Mumbai,B A R C,400085,Bank7,Dineout7,CareCentre7,Mall7,DPS7
Maharastra,Mumbai,Ballard Estate,400038,Bank8,Dineout8,CareCentre8,Mall8,DPS8
Maharastra,Mumbai,Bandra (East),400051,Bank9,Dineout9,CareCentre9,Mall9,DPS9
Maharastra,Mumbai,Bandra (West),400050,Bank10,Dineout10,CareCentre10,Mall10,DPS10
Maharastra,Mumbai,Bangur Nagar,400090,Bank11,Dineout11,CareCentre11,Mall11,DPS11
Maharastra,Mumbai,Barve Nagar,400084,Bank1,Dineout1,CareCentre1,Mall1,DPS1
Maharastra,Mumbai,Bhandup,400078,Bank2,Dineout2,CareCentre2,Mall2,DPS2
Maharastra,Mumbai,Bhandup (East),400042,Bank3,Dineout3,CareCentre3,Mall3,DPS3
Maharastra,Mumbai,Bhavani Shankar Road,400028,Bank4,Dineout4,CareCentre4,Mall4,DPS4
Maharastra,Mumbai,Mumbai Central,400008,Bank5,Dineout5,CareCentre5,Mall5,DPS5
Maharastra,Mumbai,Mumbai G P O,400001,Bank6,Dineout6,CareCentre6,Mall6,DPS6
Maharastra,Mumbai,Borivli (East),400066,Bank7,Dineout7,CareCentre7,Mall7,DPS7
Maharastra,Mumbai,Borivli (West),400092,Bank8,Dineout8,CareCentre8,Mall8,DPS8
Maharastra,Mumbai,Borivli HO,400091,Bank9,Dineout9,CareCentre9,Mall9,DPS9
Maharastra,Mumbai,Chakala MIDC,400093,Bank10,Dineout10,CareCentre10,Mall10,DPS10
Maharastra,Mumbai,Chembur,400071,Bank11,Dineout11,CareCentre11,Mall11,DPS11
Maharastra,Mumbai,Chinch Bunder,400009,Bank1,Dineout1,CareCentre1,Mall1,DPS1
Maharastra,Mumbai,Colaba,400005,Bank2,Dineout2,CareCentre2,Mall2,DPS2
Maharastra,Mumbai,Council Hall,400039,Bank3,Dineout3,CareCentre3,Mall3,DPS3
Maharastra,Mumbai,Cumballa Hill,400026,Bank4,Dineout4,CareCentre4,Mall4,DPS4
Maharastra,Mumbai,Dadar,400014,Bank5,Dineout5,CareCentre5,Mall5,DPS5
Maharastra,Mumbai,Dahisar,400068,Bank6,Dineout6,CareCentre6,Mall6,DPS6
Maharastra,Mumbai,Delisle Road,400013,Bank7,Dineout7,CareCentre7,Mall7,DPS7
Maharastra,Mumbai,Dharavi,400017,Bank8,Dineout8,CareCentre8,Mall8,DPS8
Maharastra,Mumbai,F C I Mumbai,400074,Bank9,Dineout9,CareCentre9,Mall9,DPS9
Maharastra,Mumbai,Ghatkopar (West),400086,Bank10,Dineout10,CareCentre10,Mall10,DPS10
Maharastra,Mumbai,Girgaon,400004,Bank11,Dineout11,CareCentre11,Mall11,DPS11
Maharastra,Mumbai,Goregaon (East),400063,Bank1,Dineout1,CareCentre1,Mall1,DPS1
Maharastra,Mumbai,Goregaon (West),400062,Bank2,Dineout2,CareCentre2,Mall2,DPS2
Maharastra,Mumbai,Grant Road,400007,Bank3,Dineout3,CareCentre3,Mall3,DPS3
Maharastra,Mumbai,Hutatma Chowk,400023,Bank4,Dineout4,CareCentre4,Mall4,DPS4
Maharastra,Mumbai,I I T Mumbai,400076,Bank5,Dineout5,CareCentre5,Mall5,DPS5
Maharastra,Mumbai,J B Nagar,400059,Bank6,Dineout6,CareCentre6,Mall6,DPS6
Maharastra,Mumbai,Jacob Circle,400011,Bank7,Dineout7,CareCentre7,Mall7,DPS7
Maharastra,Mumbai,Jogeshwari (East),400060,Bank8,Dineout8,CareCentre8,Mall8,DPS8
Maharastra,Mumbai,Jogeshwari (West),400102,Bank9,Dineout9,CareCentre9,Mall9,DPS9
Maharastra,Mumbai,Juhu,400049,Bank10,Dineout10,CareCentre10,Mall10,DPS10
Maharastra,Mumbai,Kalbadevi,400002,Bank11,Dineout11,CareCentre11,Mall11,DPS11
Maharastra,Mumbai,Kandivli (East),400101,Bank1,Dineout1,CareCentre1,Mall1,DPS1
Maharastra,Mumbai,Kandivli (West),400067,Bank2,Dineout2,CareCentre2,Mall2,DPS2
Maharastra,Mumbai,Khar,400052,Bank3,Dineout3,CareCentre3,Mall3,DPS3
Maharastra,Mumbai,Kharodi,400095,Bank4,Dineout4,CareCentre4,Mall4,DPS4
Maharastra,Mumbai,Kurla,400070,Bank5,Dineout5,CareCentre5,Mall5,DPS5
Maharastra,Mumbai,Mahim,400016,Bank6,Dineout6,CareCentre6,Mall6,DPS6
Maharastra,Mumbai,Malabar Hill,400006,Bank7,Dineout7,CareCentre7,Mall7,DPS7
Maharastra,Mumbai,Malad (East),400097,Bank8,Dineout8,CareCentre8,Mall8,DPS8
Maharastra,Mumbai,Malad (West),400064,Bank9,Dineout9,CareCentre9,Mall9,DPS9
Maharastra,Mumbai,Mandpeshwar,400103,Bank10,Dineout10,CareCentre10,Mall10,DPS10
Maharastra,Mumbai,Mandvi,400003,Bank11,Dineout11,CareCentre11,Mall11,DPS11
Maharastra,Mumbai,Mantralaya,400032,Bank1,Dineout1,CareCentre1,Mall1,DPS1
Maharastra,Mumbai,Marine Lines,400020,Bank2,Dineout2,CareCentre2,Mall2,DPS2
Maharastra,Mumbai,Matunga,400019,Bank3,Dineout3,CareCentre3,Mall3,DPS3
Maharastra,Mumbai,Mazgaon,400010,Bank4,Dineout4,CareCentre4,Mall4,DPS4
Maharastra,Mumbai,Motilal Nagar,400104,Bank5,Dineout5,CareCentre5,Mall5,DPS5
Maharastra,Mumbai,Mulund (East),400081,Bank6,Dineout6,CareCentre6,Mall6,DPS6
Maharastra,Mumbai,Mulund (West),400080,Bank7,Dineout7,CareCentre7,Mall7,DPS7
Maharastra,Mumbai,Mulund Colony,400082,Bank8,Dineout8,CareCentre8,Mall8,DPS8
Maharastra,Mumbai,N I T I E,400087,Bank9,Dineout9,CareCentre9,Mall9,DPS9
Maharastra,Mumbai,Nariman Point,400021,Bank10,Dineout10,CareCentre10,Mall10,DPS10
Maharastra,Mumbai,Nehru Nagar,400024,Bank11,Dineout11,CareCentre11,Mall11,DPS11
Maharastra,Mumbai,Pant Nagar,400075,Bank1,Dineout1,CareCentre1,Mall1,DPS1
Maharastra,Mumbai,Parel,400012,Bank2,Dineout2,CareCentre2,Mall2,DPS2
Maharastra,Mumbai,Poonam Ngr Jogeshwari (E),400041,Bank3,Dineout3,CareCentre3,Mall3,DPS3
Maharastra,Mumbai,Prabhadevi,400025,Bank4,Dineout4,CareCentre4,Mall4,DPS4
Maharastra,Mumbai,Rajawadi,400077,Bank5,Dineout5,CareCentre5,Mall5,DPS5
Maharastra,Mumbai,Rajbhavan,400035,Bank6,Dineout6,CareCentre6,Mall6,DPS6
Maharastra,Mumbai,SEEPZ,400096,Bank7,Dineout7,CareCentre7,Mall7,DPS7
Maharastra,Mumbai,Sahar,400099,Bank8,Dineout8,CareCentre8,Mall8,DPS8
Maharastra,Mumbai,Saki Naka,400072,Bank9,Dineout9,CareCentre9,Mall9,DPS9
Maharastra,Mumbai,Santacruz (East),400055,Bank10,Dineout10,CareCentre10,Mall10,DPS10
Maharastra,Mumbai,Santacruz (West),400054,Bank11,Dineout11,CareCentre11,Mall11,DPS11
Maharastra,Mumbai,Santacruz P&T Colony,400029,Bank1,Dineout1,CareCentre1,Mall1,DPS1
Maharastra,Mumbai,Sewri,400015,Bank2,Dineout2,CareCentre2,Mall2,DPS2
Maharastra,Mumbai,Shivaji Nagar (Kurla),400043,Bank3,Dineout3,CareCentre3,Mall3,DPS3
Maharastra,Mumbai,Sion,400022,Bank4,Dineout4,CareCentre4,Mall4,DPS4
Maharastra,Mumbai,Tagore Nagar,400083,Bank5,Dineout5,CareCentre5,Mall5,DPS5
Maharastra,Mumbai,Tank Road,400033,Bank6,Dineout6,CareCentre6,Mall6,DPS6
Maharastra,Mumbai,Telecom Factory Deonar,400088,Bank7,Dineout7,CareCentre7,Mall7,DPS7
Maharastra,Mumbai,Tilak Nagar,400089,Bank8,Dineout8,CareCentre8,Mall8,DPS8
Maharastra,Mumbai,Tulsiwadi,400034,Bank9,Dineout9,CareCentre9,Mall9,DPS9
Maharastra,Mumbai,Veer Jijamata Bhosle Udyan,400027,Bank10,Dineout10,CareCentre10,Mall10,DPS10
Maharastra,Mumbai,Vesava (Versova),400061,Bank11,Dineout11,CareCentre11,Mall11,DPS11
Maharastra,Mumbai,Vidyanagari,400098,Bank1,Dineout1,CareCentre1,Mall1,DPS1
Maharastra,Mumbai,Vikhroli,400079,Bank2,Dineout2,CareCentre2,Mall2,DPS2
Maharastra,Mumbai,Vile Parle (East),400057,Bank3,Dineout3,CareCentre3,Mall3,DPS3
Maharastra,Mumbai,Vile Parle (West),400056,Bank4,Dineout4,CareCentre4,Mall4,DPS4
Maharastra,Mumbai,Wadala,400031,Bank5,Dineout5,CareCentre5,Mall5,DPS5
Maharastra,Mumbai,Worli,400018,Bank6,Dineout6,CareCentre6,Mall6,DPS6
Maharastra,Navi Mumbai,Airoli Mode,400708,Bank7,Dineout7,CareCentre7,Mall7,DPS7
Maharastra,Navi Mumbai,Belapur,400611,Bank8,Dineout8,CareCentre8,Mall8,DPS8
Maharastra,Navi Mumbai,Ghansoli,400701,Bank9,Dineout9,CareCentre9,Mall9,DPS9
Maharastra,Navi Mumbai,JNPT Town Ship,400707,Bank10,Dineout10,CareCentre10,Mall10,DPS10
Maharastra,Navi Mumbai,Konkan Bhawan,400614,Bank11,Dineout11,CareCentre11,Mall11,DPS11
Maharastra,Navi Mumbai,Krishi Utpanna Bazar,400705,Bank1,Dineout1,CareCentre1,Mall1,DPS1
Maharastra,Navi Mumbai,Mumbra,400612,Bank2,Dineout2,CareCentre2,Mall2,DPS2
Maharastra,Navi Mumbai,N A D Karanja,400704,Bank3,Dineout3,CareCentre3,Mall3,DPS3
Maharastra,Navi Mumbai,Nerul Mode,400706,Bank4,Dineout4,CareCentre4,Mall4,DPS4
Maharastra,Navi Mumbai,Turbhe,400613,Bank5,Dineout5,CareCentre5,Mall5,DPS5
Maharastra,Navi Mumbai,Uran,400702,Bank6,Dineout6,CareCentre6,Mall6,DPS6
Maharastra,Navi Mumbai,Vashi,400703,Bank7,Dineout7,CareCentre7,Mall7,DPS7
Maharastra,Thane,Agashi,401301,Bank8,Dineout8,CareCentre8,Mall8,DPS8
Maharastra,Thane,Arnala,401302,Bank9,Dineout9,CareCentre9,Mall9,DPS9
Maharastra,Thane,Balcum,400608,Bank10,Dineout10,CareCentre10,Mall10,DPS10
Maharastra,Thane,Bassien,401201,Bank11,Dineout11,CareCentre11,Mall11,DPS11
Maharastra,Thane,Bassien Road,401202,Bank1,Dineout1,CareCentre1,Mall1,DPS1
Maharastra,Thane,Bhayandar,401101,Bank2,Dineout2,CareCentre2,Mall2,DPS2
Maharastra,Thane,Bhayander (East),401105,Bank3,Dineout3,CareCentre3,Mall3,DPS3
Maharastra,Thane,Boisar,401501,Bank4,Dineout4,CareCentre4,Mall4,DPS4
Maharastra,Thane,Bordi,401701,Bank5,Dineout5,CareCentre5,Mall5,DPS5
Maharastra,Thane,Chinchani,401503,Bank6,Dineout6,CareCentre6,Mall6,DPS6
Maharastra,Thane,Dahanu,401601,Bank7,Dineout7,CareCentre7,Mall7,DPS7
Maharastra,Thane,Dahanu Road,401602,Bank8,Dineout8,CareCentre8,Mall8,DPS8
Maharastra,Thane,Dapcheri,401610,Bank9,Dineout9,CareCentre9,Mall9,DPS9
Maharastra,Thane,Ganeshpuri,401206,Bank10,Dineout10,CareCentre10,Mall10,DPS10
Maharastra,Thane,Gholvad,401702,Bank11,Dineout11,CareCentre11,Mall11,DPS11
Maharastra,Thane,Jakegram,400606,Bank1,Dineout1,CareCentre1,Mall1,DPS1
Maharastra,Thane,Jawhar,401603,Bank2,Dineout2,CareCentre2,Mall2,DPS2
Maharastra,Thane,Kalwa,400605,Bank3,Dineout3,CareCentre3,Mall3,DPS3
Maharastra,Thane,Kasa,401607,Bank4,Dineout4,CareCentre4,Mall4,DPS4
Maharastra,Thane,Kelwa,401401,Bank5,Dineout5,CareCentre5,Mall5,DPS5
Maharastra,Thane,Kelwa Mahim,401402,Bank6,Dineout6,CareCentre6,Mall6,DPS6
Maharastra,Thane,Kopri Colony,400603,Bank7,Dineout7,CareCentre7,Mall7,DPS7
Maharastra,Thane,Kosbad Hill,401703,Bank8,Dineout8,CareCentre8,Mall8,DPS8
Maharastra,Thane,Manor,401403,Bank9,Dineout9,CareCentre9,Mall9,DPS9
Maharastra,Thane,Mira,401104,Bank10,Dineout10,CareCentre10,Mall10,DPS10
Maharastra,Thane,Mira Road,401107,Bank11,Dineout11,CareCentre11,Mall11,DPS11
Maharastra,Thane,Mokhada,401604,Bank1,Dineout1,CareCentre1,Mall1,DPS1
Maharastra,Thane,Nalasopara (East),401209,Bank2,Dineout2,CareCentre2,Mall2,DPS2
Maharastra,Thane,Naupada,400602,Bank3,Dineout3,CareCentre3,Mall3,DPS3
Maharastra,Thane,Nirmal,401304,Bank4,Dineout4,CareCentre4,Mall4,DPS4
Maharastra,Thane,Palghar H O,401404,Bank5,Dineout5,CareCentre5,Mall5,DPS5
Maharastra,Thane,Papdi,401207,Bank6,Dineout6,CareCentre6,Mall6,DPS6
Maharastra,Thane,Sandoz Baug,400607,Bank7,Dineout7,CareCentre7,Mall7,DPS7
Maharastra,Thane,Satpati,401405,Bank8,Dineout8,CareCentre8,Mall8,DPS8
Maharastra,Thane,Sopara,401203,Bank9,Dineout9,CareCentre9,Mall9,DPS9
Maharastra,Thane,Suryanagar,401609,Bank10,Dineout10,CareCentre10,Mall10,DPS10
Maharastra,Thane,Talasari,401606,Bank11,Dineout11,CareCentre11,Mall11,DPS11
Maharastra,Thane,Tarapur,401502,Bank1,Dineout1,CareCentre1,Mall1,DPS1
Maharastra,Thane,Tarapur App,401504,Bank2,Dineout2,CareCentre2,Mall2,DPS2
Maharastra,Thane,Tarapur J/A,401506,Bank3,Dineout3,CareCentre3,Mall3,DPS3
Maharastra,Thane,Thane (East),400603,Bank4,Dineout4,CareCentre4,Mall4,DPS4
Maharastra,Thane,Thane (H Q),400601,Bank5,Dineout5,CareCentre5,Mall5,DPS5
Maharastra,Thane,Umbarpada,401102,Bank6,Dineout6,CareCentre6,Mall6,DPS6
Maharastra,Thane,Uttan,401106,Bank7,Dineout7,CareCentre7,Mall7,DPS7
Maharastra,Thane,Vajreshwari,401204,Bank8,Dineout8,CareCentre8,Mall8,DPS8
Maharastra,Thane,Vangam,401103,Bank9,Dineout9,CareCentre9,Mall9,DPS9
Maharastra,Thane,Vasai East I/E,401208,Bank10,Dineout10,CareCentre10,Mall10,DPS10
Maharastra,Thane,Vasai Road East,401210,Bank11,Dineout11,CareCentre11,Mall11,DPS11
Maharastra,Thane,Vikramgad,401605,Bank1,Dineout1,CareCentre1,Mall1,DPS1
Maharastra,Thane,Virar,401303,Bank2,Dineout2,CareCentre2,Mall2,DPS2
Maharastra,Thane,Wagle Industrial Estate,400604,Bank3,Dineout3,CareCentre3,Mall3,DPS3
Karnataka,Bangalore,A F station yelahanka,560063,Bank1,Dineout1,CareCentre1,Mall1,DPS1
Karnataka,Bangalore,Adugodi,560030,Bank2,Dineout2,CareCentre2,Mall2,DPS2
Karnataka,Bangalore,Agara,560034,Bank3,Dineout3,CareCentre3,Mall3,DPS3
Karnataka,Bangalore,Agram,560007,Bank4,Dineout4,CareCentre4,Mall4,DPS4
Karnataka,Bangalore,Air Force hospital,560007,Bank5,Dineout5,CareCentre5,Mall5,DPS5
Karnataka,Bangalore,Amruthahalli,560092,Bank6,Dineout6,CareCentre6,Mall6,DPS6
Karnataka,Bangalore,Anandnagar,560024,Bank7,Dineout7,CareCentre7,Mall7,DPS7
Karnataka,Bangalore,Anekal,562106,Bank8,Dineout8,CareCentre8,Mall8,DPS8
Karnataka,Bangalore,Anekalbazar,562106,Bank9,Dineout9,CareCentre9,Mall9,DPS9
Karnataka,Bangalore,Arabic College,560045,Bank10,Dineout10,CareCentre10,Mall10,DPS10
Karnataka,Bangalore,Aranya Bhavan,560003,Bank11,Dineout11,CareCentre11,Mall11,DPS11
Karnataka,Bangalore,Ashoknagar,560050,Bank1,Dineout1,CareCentre1,Mall1,DPS1
Karnataka,Bangalore,Attibele,562107,Bank2,Dineout2,CareCentre2,Mall2,DPS2
Karnataka,Bangalore,Attur,560064,Bank3,Dineout3,CareCentre3,Mall3,DPS3
Karnataka,Bangalore,Austin Town,560047,Bank4,Dineout4,CareCentre4,Mall4,DPS4
Karnataka,Bangalore,Avalahalli,560026,Bank5,Dineout5,CareCentre5,Mall5,DPS5
Karnataka,Bangalore,Avani Sringeri mutt,560086,Bank6,Dineout6,CareCentre6,Mall6,DPS6
Karnataka,Bangalore,Avenue Road,560002,Bank7,Dineout7,CareCentre7,Mall7,DPS7
Karnataka,Bangalore,B Sk ii stage,560070,Bank8,Dineout8,CareCentre8,Mall8,DPS8
Karnataka,Bangalore,Bagalgunte,560073,Bank9,Dineout9,CareCentre9,Mall9,DPS9
Karnataka,Bangalore,Bagalur,562149,Bank10,Dineout10,CareCentre10,Mall10,DPS10
Karnataka,Bangalore,Balepete,560053,Bank11,Dineout11,CareCentre11,Mall11,DPS11
Karnataka,Bangalore,Banashankari,560050,Bank1,Dineout1,CareCentre1,Mall1,DPS1
Karnataka,Bangalore,Banashankari Iii stage,560085,Bank2,Dineout2,CareCentre2,Mall2,DPS2
Karnataka,Bangalore,Banaswadi,560043,Bank3,Dineout3,CareCentre3,Mall3,DPS3
Karnataka,Bangalore,Bandikodigehalli,562149,Bank4,Dineout4,CareCentre4,Mall4,DPS4
Karnataka,Bangalore,Bangalore Air port,560017,Bank5,Dineout5,CareCentre5,Mall5,DPS5
Karnataka,Bangalore,Bangalore Bazaar,560001,Bank6,Dineout6,CareCentre6,Mall6,DPS6
Karnataka,Bangalore,Bangalore City,560002,Bank7,Dineout7,CareCentre7,Mall7,DPS7
Karnataka,Bangalore,Bangalore Corporation building,560002,Bank8,Dineout8,CareCentre8,Mall8,DPS8
Karnataka,Bangalore,Bangalore Dist offices bldg,560009,Bank9,Dineout9,CareCentre9,Mall9,DPS9
Karnataka,Bangalore,Bangalore Fort,560002,Bank10,Dineout10,CareCentre10,Mall10,DPS10
Karnataka,Bangalore,Bangalore Sub fgn post,560025,Bank11,Dineout11,CareCentre11,Mall11,DPS11
Karnataka,Bangalore,Bangalore.,560001,Bank1,Dineout1,CareCentre1,Mall1,DPS1
Karnataka,Bangalore,Bannerghatta,560083,Bank2,Dineout2,CareCentre2,Mall2,DPS2
Karnataka,Bangalore,Bannerghatta Road,560076,Bank3,Dineout3,CareCentre3,Mall3,DPS3
Karnataka,Bangalore,Bapujinagar,560026,Bank4,Dineout4,CareCentre4,Mall4,DPS4
Karnataka,Bangalore,Basavanagudi,560004,Bank5,Dineout5,CareCentre5,Mall5,DPS5
Karnataka,Bangalore,Basavaraja Market,560002,Bank6,Dineout6,CareCentre6,Mall6,DPS6
Karnataka,Bangalore,Basaveshwaranagar,560079,Bank7,Dineout7,CareCentre7,Mall7,DPS7
Karnataka,Bangalore,Basaveswaranagar Ii stage,560086,Bank8,Dineout8,CareCentre8,Mall8,DPS8
Karnataka,Bangalore,Bellandur,560103,Bank9,Dineout9,CareCentre9,Mall9,DPS9
Karnataka,Bangalore,Benson Town,560046,Bank10,Dineout10,CareCentre10,Mall10,DPS10
Karnataka,Bangalore,Bestamaranahalli,562106,Bank11,Dineout11,CareCentre11,Mall11,DPS11
Karnataka,Bangalore,Bettahalsur,562157,Bank1,Dineout1,CareCentre1,Mall1,DPS1
Karnataka,Bangalore,Bhashyam Circle,560010,Bank2,Dineout2,CareCentre2,Mall2,DPS2
Karnataka,Bangalore,Bhattarahalli,560049,Bank3,Dineout3,CareCentre3,Mall3,DPS3
Karnataka,Bangalore,Bidaraguppe,562107,Bank4,Dineout4,CareCentre4,Mall4,DPS4
Karnataka,Bangalore,Bidrahalli,560049,Bank5,Dineout5,CareCentre5,Mall5,DPS5
Karnataka,Bangalore,Bnagalore Viswavidalaya,560056,Bank6,Dineout6,CareCentre6,Mall6,DPS6
Karnataka,Bangalore,Bommanahalli,560068,Bank7,Dineout7,CareCentre7,Mall7,DPS7
Karnataka,Bangalore,Brigade Road,560001,Bank8,Dineout8,CareCentre8,Mall8,DPS8
Karnataka,Bangalore,Bsf Campus yelahanka,560064,Bank9,Dineout9,CareCentre9,Mall9,DPS9
Karnataka,Bangalore,Byatarayanapura,560092,Bank10,Dineout10,CareCentre10,Mall10,DPS10
Karnataka,Bangalore,Byatarayanapura,560026,Bank11,Dineout11,CareCentre11,Mall11,DPS11
Karnataka,Bangalore,C.V.raman nagar,560093,Bank1,Dineout1,CareCentre1,Mall1,DPS1
Karnataka,Bangalore,Cahmrajendrapet,560002,Bank2,Dineout2,CareCentre2,Mall2,DPS2
Karnataka,Bangalore,Chamrajpet,560018,Bank3,Dineout3,CareCentre3,Mall3,DPS3
Karnataka,Bangalore,Chamrajpet Bazar,560018,Bank4,Dineout4,CareCentre4,Mall4,DPS4
Karnataka,Bangalore,Chandra Lay out,560040,Bank5,Dineout5,CareCentre5,Mall5,DPS5
Karnataka,Bangalore,Chickpet,560053,Bank6,Dineout6,CareCentre6,Mall6,DPS6
Karnataka,Bangalore,Chikkabettahalli,560097,Bank7,Dineout7,CareCentre7,Mall7,DPS7
Karnataka,Bangalore,Chikkajala,562157,Bank8,Dineout8,CareCentre8,Mall8,DPS8
Karnataka,Bangalore,Chikkalasandra,560061,Bank9,Dineout9,CareCentre9,Mall9,DPS9
Karnataka,Bangalore,Chikkanahalli,562130,Bank10,Dineout10,CareCentre10,Mall10,DPS10
Karnataka,Bangalore,Chunchanakuppe,562130,Bank11,Dineout11,CareCentre11,Mall11,DPS11
Karnataka,Bangalore,Cmp Centre and school,560025,Bank1,Dineout1,CareCentre1,Mall1,DPS1
Karnataka,Bangalore,Crpf Campus yelahanka,560064,Bank2,Dineout2,CareCentre2,Mall2,DPS2
Karnataka,Bangalore,Cubban Road,560001,Bank3,Dineout3,CareCentre3,Mall3,DPS3
Karnataka,Bangalore,Dasarahalli,560057,Bank4,Dineout4,CareCentre4,Mall4,DPS4
Karnataka,Bangalore,Dasarahalli,560050,Bank5,Dineout5,CareCentre5,Mall5,DPS5
Karnataka,Bangalore,Deepanjalinagar,560026,Bank6,Dineout6,CareCentre6,Mall6,DPS6
Karnataka,Bangalore,Devanagundi,560067,Bank7,Dineout7,CareCentre7,Mall7,DPS7
Karnataka,Bangalore,Devarjeevanahalli,560045,Bank8,Dineout8,CareCentre8,Mall8,DPS8
Karnataka,Bangalore,Devasandra,560036,Bank9,Dineout9,CareCentre9,Mall9,DPS9
Karnataka,Bangalore,Dharmaram College,560029,Bank10,Dineout10,CareCentre10,Mall10,DPS10
Karnataka,Bangalore,Doddagubbi,562149,Bank11,Dineout11,CareCentre11,Mall11,DPS11
Karnataka,Bangalore,Doddajala,562157,Bank1,Dineout1,CareCentre1,Mall1,DPS1
Karnataka,Bangalore,Doddakallasandra,560062,Bank2,Dineout2,CareCentre2,Mall2,DPS2
Karnataka,Bangalore,Doddakallasandra,560062,Bank3,Dineout3,CareCentre3,Mall3,DPS3
Karnataka,Bangalore,Doddanekkundi,560037,Bank4,Dineout4,CareCentre4,Mall4,DPS4
Karnataka,Bangalore,Domlur,560071,Bank5,Dineout5,CareCentre5,Mall5,DPS5
Karnataka,Bangalore,Dommasandra,562125,Bank6,Dineout6,CareCentre6,Mall6,DPS6
Karnataka,Bangalore,Doorvaninagar,560016,Bank7,Dineout7,CareCentre7,Mall7,DPS7
Karnataka,Bangalore,Dr. ambedkar veedhi,560001,Bank8,Dineout8,CareCentre8,Mall8,DPS8
Karnataka,Bangalore,Electronics City,560100,Bank9,Dineout9,CareCentre9,Mall9,DPS9
Karnataka,Bangalore,Fraser Town,560005,Bank10,Dineout10,CareCentre10,Mall10,DPS10
Karnataka,Bangalore,G.K.v.k.,560065,Bank11,Dineout11,CareCentre11,Mall11,DPS11
Karnataka,Bangalore,Gaviopuram Extension,560019,Bank1,Dineout1,CareCentre1,Mall1,DPS1
Karnataka,Bangalore,Gaviopuram Guttanahalli,560019,Bank2,Dineout2,CareCentre2,Mall2,DPS2
Karnataka,Bangalore,Gayathrinagar,560021,Bank3,Dineout3,CareCentre3,Mall3,DPS3
Karnataka,Bangalore,Girinagar,560085,Bank4,Dineout4,CareCentre4,Mall4,DPS4
Karnataka,Bangalore,Goraguntepalya,560022,Bank5,Dineout5,CareCentre5,Mall5,DPS5
Karnataka,Bangalore,Goripalya,560026,Bank6,Dineout6,CareCentre6,Mall6,DPS6
Karnataka,Bangalore,Goripalya,560026,Bank7,Dineout7,CareCentre7,Mall7,DPS7
Karnataka,Bangalore,Governmemnt Electric factory,560026,Bank8,Dineout8,CareCentre8,Mall8,DPS8
Karnataka,Bangalore,Govindapalya,560013,Bank9,Dineout9,CareCentre9,Mall9,DPS9
Karnataka,Bangalore,Gunjur,560087,Bank10,Dineout10,CareCentre10,Mall10,DPS10
Karnataka,Bangalore,H M t,560013,Bank11,Dineout11,CareCentre11,Mall11,DPS11
Karnataka,Bangalore,H.A. farm,560024,Bank1,Dineout1,CareCentre1,Mall1,DPS1
Karnataka,Bangalore,H.A.l ii stage,560008,Bank2,Dineout2,CareCentre2,Mall2,DPS2
Karnataka,Bangalore,H.K.p. road,560051,Bank3,Dineout3,CareCentre3,Mall3,DPS3
Karnataka,Bangalore,Hampinagar,560104,Bank4,Dineout4,CareCentre4,Mall4,DPS4
Karnataka,Bangalore,Handenahalli,562125,Bank5,Dineout5,CareCentre5,Mall5,DPS5
Karnataka,Bangalore,Harogadde,562106,Bank6,Dineout6,CareCentre6,Mall6,DPS6
Karnataka,Bangalore,Hebbal Kempapura,560024,Bank7,Dineout7,CareCentre7,Mall7,DPS7
Karnataka,Bangalore,Hennagara,562106,Bank8,Dineout8,CareCentre8,Mall8,DPS8
Karnataka,Bangalore,Highcourt,560001,Bank9,Dineout9,CareCentre9,Mall9,DPS9
Karnataka,Bangalore,Hongasandra,560068,Bank10,Dineout10,CareCentre10,Mall10,DPS10
Karnataka,Bangalore,Hoodi,560048,Bank11,Dineout11,CareCentre11,Mall11,DPS11
Karnataka,Bangalore,Horamavu,560043,Bank1,Dineout1,CareCentre1,Mall1,DPS1
Karnataka,Bangalore,Hosakerehalli,560085,Bank2,Dineout2,CareCentre2,Mall2,DPS2
Karnataka,Bangalore,Hosur Road,560030,Bank3,Dineout3,CareCentre3,Mall3,DPS3
Karnataka,Bangalore,Hsr Layout,560102,Bank4,Dineout4,CareCentre4,Mall4,DPS4
Karnataka,Bangalore,Hulimangala,562106,Bank5,Dineout5,CareCentre5,Mall5,DPS5
Karnataka,Bangalore,Hulimavu,560076,Bank6,Dineout6,CareCentre6,Mall6,DPS6
Karnataka,Bangalore,Hulsur Bazaar,560008,Bank7,Dineout7,CareCentre7,Mall7,DPS7
Karnataka,Bangalore,Hunasamaranahalli,562157,Bank8,Dineout8,CareCentre8,Mall8,DPS8
Karnataka,Bangalore,Immedihalli,560066,Bank9,Dineout9,CareCentre9,Mall9,DPS9
Karnataka,Bangalore,Indalavadi,562106,Bank10,Dineout10,CareCentre10,Mall10,DPS10
Karnataka,Bangalore,Indiranagar,560038,Bank11,Dineout11,CareCentre11,Mall11,DPS11
Karnataka,Bangalore,Indiranagar Com. complex,560038,Bank1,Dineout1,CareCentre1,Mall1,DPS1
Karnataka,Bangalore,Industrial Estate,560010,Bank2,Dineout2,CareCentre2,Mall2,DPS2
Karnataka,Bangalore,Isro Anthariksha bhavan,560094,Bank3,Dineout3,CareCentre3,Mall3,DPS3
Karnataka,Bangalore,Ittamadu Layout,560085,Bank4,Dineout4,CareCentre4,Mall4,DPS4
Karnataka,Bangalore,J P nagar,560078,Bank5,Dineout5,CareCentre5,Mall5,DPS5
Karnataka,Bangalore,J.C.nagar,560006,Bank6,Dineout6,CareCentre6,Mall6,DPS6
Karnataka,Bangalore,Jakkur,560064,Bank7,Dineout7,CareCentre7,Mall7,DPS7
Karnataka,Bangalore,Jalahalli,560013,Bank8,Dineout8,CareCentre8,Mall8,DPS8
Karnataka,Bangalore,Jalahalli East,560014,Bank9,Dineout9,CareCentre9,Mall9,DPS9
Karnataka,Bangalore,Jalahalli Village,560013,Bank10,Dineout10,CareCentre10,Mall10,DPS10
Karnataka,Bangalore,Jalahalli West,560015,Bank11,Dineout11,CareCentre11,Mall11,DPS11
Karnataka,Bangalore,Jalavayuvihar,560043,Bank1,Dineout1,CareCentre1,Mall1,DPS1
Karnataka,Bangalore,Jayanagar,560041,Bank2,Dineout2,CareCentre2,Mall2,DPS2
Karnataka,Bangalore,Jayanagar West,560070,Bank3,Dineout3,CareCentre3,Mall3,DPS3
Karnataka,Bangalore,Jayangar East,560069,Bank4,Dineout4,CareCentre4,Mall4,DPS4
Karnataka,Bangalore,Jayangar Iii block,560011,Bank5,Dineout5,CareCentre5,Mall5,DPS5
Karnataka,Bangalore,Jeevanahalli,560005,Bank6,Dineout6,CareCentre6,Mall6,DPS6
Karnataka,Bangalore,Jeevanbhimanagar,560066,Bank7,Dineout7,CareCentre7,Mall7,DPS7
Karnataka,Bangalore,Jigani,562106,Bank8,Dineout8,CareCentre8,Mall8,DPS8
Karnataka,Bangalore,Jp Nagar iii phase,560078,Bank9,Dineout9,CareCentre9,Mall9,DPS9
Karnataka,Bangalore,K H b colony,560079,Bank10,Dineout10,CareCentre10,Mall10,DPS10
Karnataka,Bangalore,K. g. road,560009,Bank11,Dineout11,CareCentre11,Mall11,DPS11
Karnataka,Bangalore,K.P.west,560020,Bank1,Dineout1,CareCentre1,Mall1,DPS1
Karnataka,Bangalore,Kacharakanahalli,560084,Bank2,Dineout2,CareCentre2,Mall2,DPS2
Karnataka,Bangalore,Kadabagere,562130,Bank3,Dineout3,CareCentre3,Mall3,DPS3
Karnataka,Bangalore,Kadugodi,560067,Bank4,Dineout4,CareCentre4,Mall4,DPS4
Karnataka,Bangalore,Kalkunte,560067,Bank5,Dineout5,CareCentre5,Mall5,DPS5
Karnataka,Bangalore,Kalyanagar,560043,Bank6,Dineout6,CareCentre6,Mall6,DPS6
Karnataka,Bangalore,Kamagondanahalli,560015,Bank7,Dineout7,CareCentre7,Mall7,DPS7
Karnataka,Bangalore,Kamakshipalya,560079,Bank8,Dineout8,CareCentre8,Mall8,DPS8
Karnataka,Bangalore,Kannamangala,560067,Bank9,Dineout9,CareCentre9,Mall9,DPS9
Karnataka,Bangalore,Kannur,562149,Bank10,Dineout10,CareCentre10,Mall10,DPS10
Karnataka,Bangalore,Kanteeravanagar,560096,Bank11,Dineout11,CareCentre11,Mall11,DPS11
Karnataka,Bangalore,Kathriguppe,560085,Bank1,Dineout1,CareCentre1,Mall1,DPS1
Karnataka,Bangalore,Kenchanahalli,560098,Bank2,Dineout2,CareCentre2,Mall2,DPS2
Karnataka,Bangalore,Kendriya Sadan,560034,Bank3,Dineout3,CareCentre3,Mall3,DPS3
Karnataka,Bangalore,Kendriya Vihar,560064,Bank1,Dineout1,CareCentre1,Mall1,DPS1
Karnataka,Bangalore,Kodigehalli,560092,Bank2,Dineout2,CareCentre2,Mall2,DPS2
Karnataka,Bangalore,Konanakunte,560062,Bank3,Dineout3,CareCentre3,Mall3,DPS3
Karnataka,Bangalore,Koramangala,560034,Bank4,Dineout4,CareCentre4,Mall4,DPS4
Karnataka,Bangalore,Koramangala I block,560034,Bank5,Dineout5,CareCentre5,Mall5,DPS5
Karnataka,Bangalore,Koramangala Vi bk,560095,Bank6,Dineout6,CareCentre6,Mall6,DPS6
Karnataka,Bangalore,Kothanur,560077,Bank7,Dineout7,CareCentre7,Mall7,DPS7
Karnataka,Bangalore,Krishnarajapuram,560036,Bank8,Dineout8,CareCentre8,Mall8,DPS8
Karnataka,Bangalore,Krishnarajapuram R s,560016,Bank9,Dineout9,CareCentre9,Mall9,DPS9
Karnataka,Bangalore,Kugur,562125,Bank10,Dineout10,CareCentre10,Mall10,DPS10
Karnataka,Bangalore,Kumaraswamy Layout,560078,Bank11,Dineout11,CareCentre11,Mall11,DPS11
Karnataka,Bangalore,Kumbalgodu,560074,Bank1,Dineout1,CareCentre1,Mall1,DPS1
Karnataka,Bangalore,Kundalahalli,560037,Bank2,Dineout2,CareCentre2,Mall2,DPS2
Karnataka,Bangalore,Lalbagh West,560004,Bank3,Dineout3,CareCentre3,Mall3,DPS3
Karnataka,Bangalore,Legislators Home,560001,Bank4,Dineout4,CareCentre4,Mall4,DPS4
Karnataka,Bangalore,Lingarajapuram,560084,Bank5,Dineout5,CareCentre5,Mall5,DPS5
Karnataka,Bangalore,M S r road,560054,Bank6,Dineout6,CareCentre6,Mall6,DPS6
Karnataka,Bangalore,Madhavan Park,560011,Bank7,Dineout7,CareCentre7,Mall7,DPS7
Karnataka,Bangalore,Madivala,560068,Bank8,Dineout8,CareCentre8,Mall8,DPS8
Karnataka,Bangalore,Magadi Road,560023,Bank9,Dineout9,CareCentre9,Mall9,DPS9
Karnataka,Bangalore,Mahadevapura,560048,Bank10,Dineout10,CareCentre10,Mall10,DPS10
Karnataka,Bangalore,Mahalakshmipuram Layout,560086,Bank11,Dineout11,CareCentre11,Mall11,DPS11
Karnataka,Bangalore,Mahatma Gandhi road,560001,Bank1,Dineout1,CareCentre1,Mall1,DPS1
Karnataka,Bangalore,Malkand Lines,560033,Bank2,Dineout2,CareCentre2,Mall2,DPS2
Karnataka,Bangalore,Mallathahalli,560056,Bank3,Dineout3,CareCentre3,Mall3,DPS3
Karnataka,Bangalore,Malleswaram,560003,Bank4,Dineout4,CareCentre4,Mall4,DPS4
Karnataka,Bangalore,Malleswaram West,560055,Bank5,Dineout5,CareCentre5,Mall5,DPS5
Karnataka,Bangalore,Mandalay Lines,560033,Bank6,Dineout6,CareCentre6,Mall6,DPS6
Karnataka,Bangalore,Marathahalli Colony,560037,Bank7,Dineout7,CareCentre7,Mall7,DPS7
Karnataka,Bangalore,Marsur,562106,Bank8,Dineout8,CareCentre8,Mall8,DPS8
Karnataka,Bangalore,Maruthi Sevanagar,560033,Bank9,Dineout9,CareCentre9,Mall9,DPS9
Karnataka,Bangalore,Mathikere,560054,Bank10,Dineout10,CareCentre10,Mall10,DPS10
Karnataka,Bangalore,Mavalli,560004,Bank11,Dineout11,CareCentre11,Mall11,DPS11
Karnataka,Bangalore,Mayasandra,562107,Bank1,Dineout1,CareCentre1,Mall1,DPS1
Karnataka,Bangalore,Medihalli,560049,Bank2,Dineout2,CareCentre2,Mall2,DPS2
Karnataka,Bangalore,Medimallasandra,560067,Bank3,Dineout3,CareCentre3,Mall3,DPS3
Karnataka,Bangalore,Mico Layout,560076,Bank4,Dineout4,CareCentre4,Mall4,DPS4
Karnataka,Bangalore,Milk Colony,560055,Bank5,Dineout5,CareCentre5,Mall5,DPS5
Karnataka,Bangalore,Mount St joseph,560076,Bank6,Dineout6,CareCentre6,Mall6,DPS6
Karnataka,Bangalore,Msrit,560054,Bank7,Dineout7,CareCentre7,Mall7,DPS7
Karnataka,Bangalore,Mundur,560049,Bank8,Dineout8,CareCentre8,Mall8,DPS8
Karnataka,Bangalore,Museum Road,560025,Bank9,Dineout9,CareCentre9,Mall9,DPS9
Karnataka,Bangalore,Muthanallur,560099,Bank10,Dineout10,CareCentre10,Mall10,DPS10
Karnataka,Bangalore,Muthusandra,560087,Bank11,Dineout11,CareCentre11,Mall11,DPS11
Karnataka,Bangalore,Naduvathi,560067,Bank1,Dineout1,CareCentre1,Mall1,DPS1
Karnataka,Bangalore,Nagarbhavi,560072,Bank2,Dineout2,CareCentre2,Mall2,DPS2
Karnataka,Bangalore,Nagasandra,560073,Bank3,Dineout3,CareCentre3,Mall3,DPS3
Karnataka,Bangalore,Nagavara,560045,Bank4,Dineout4,CareCentre4,Mall4,DPS4
Karnataka,Bangalore,Nal,560017,Bank5,Dineout5,CareCentre5,Mall5,DPS5
Karnataka,Bangalore,Nandinilayout,560096,Bank6,Dineout6,CareCentre6,Mall6,DPS6
Karnataka,Bangalore,Narasimharaja Colony,560019,Bank7,Dineout7,CareCentre7,Mall7,DPS7
Karnataka,Bangalore,Narasimjharaja Road,560002,Bank8,Dineout8,CareCentre8,Mall8,DPS8
Karnataka,Bangalore,Narayan Pillai street,560001,Bank9,Dineout9,CareCentre9,Mall9,DPS9
Karnataka,Bangalore,Nayandahalli,560039,Bank10,Dineout10,CareCentre10,Mall10,DPS10
Karnataka,Bangalore,Neralur,562107,Bank11,Dineout11,CareCentre11,Mall11,DPS11
Karnataka,Bangalore,New Tharaggupet,560002,Bank1,Dineout1,CareCentre1,Mall1,DPS1
Karnataka,Bangalore,New Thippasandra,560075,Bank2,Dineout2,CareCentre2,Mall2,DPS2
Karnataka,Bangalore,Okalipuram,560021,Bank3,Dineout3,CareCentre3,Mall3,DPS3
Karnataka,Bangalore,P&t Col. kavalbyrasandra,560032,Bank4,Dineout4,CareCentre4,Mall4,DPS4
Karnataka,Bangalore,Padmanabhnagar,560070,Bank5,Dineout5,CareCentre5,Mall5,DPS5
Karnataka,Bangalore,Palace Guttahalli,560003,Bank6,Dineout6,CareCentre6,Mall6,DPS6
Karnataka,Bangalore,Panathur,560087,Bank7,Dineout7,CareCentre7,Mall7,DPS7
Karnataka,Bangalore,Pasmpamahakavi Road,560004,Bank8,Dineout8,CareCentre8,Mall8,DPS8
Karnataka,Bangalore,Peenya I stage,560058,Bank9,Dineout9,CareCentre9,Mall9,DPS9
Karnataka,Bangalore,Peenya Ii stage,560058,Bank10,Dineout10,CareCentre10,Mall10,DPS10
Karnataka,Bangalore,Peenya Small industries,560058,Bank11,Dineout11,CareCentre11,Mall11,DPS11
Karnataka,Bangalore,R T nagar,560032,Bank1,Dineout1,CareCentre1,Mall1,DPS1
Karnataka,Bangalore,R.M.v. extension ii stage,560094,Bank2,Dineout2,CareCentre2,Mall2,DPS2
Karnataka,Bangalore,Rajajinagar,560010,Bank3,Dineout3,CareCentre3,Mall3,DPS3
Karnataka,Bangalore,Rajajinagar I block,560010,Bank4,Dineout4,CareCentre4,Mall4,DPS4
Karnataka,Bangalore,Rajajinagar Ivth block,560010,Bank5,Dineout5,CareCentre5,Mall5,DPS5
Karnataka,Bangalore,Rajanakunte,560064,Bank6,Dineout6,CareCentre6,Mall6,DPS6
Karnataka,Bangalore,Rajarajeshwarinagar,560098,Bank7,Dineout7,CareCentre7,Mall7,DPS7
Karnataka,Bangalore,Rajbhavan,560001,Bank8,Dineout8,CareCentre8,Mall8,DPS8
Karnataka,Bangalore,Ramachandrapuram,560021,Bank9,Dineout9,CareCentre9,Mall9,DPS9
Karnataka,Bangalore,Ramagondanahalli,560066,Bank10,Dineout10,CareCentre10,Mall10,DPS10
Karnataka,Bangalore,Ramakrishna Hegde nagar,560045,Bank11,Dineout11,CareCentre11,Mall11,DPS11
Karnataka,Bangalore,Ramamurthy Nagar,560016,Bank1,Dineout1,CareCentre1,Mall1,DPS1
Karnataka,Bangalore,Rameshnagar,560037,Bank2,Dineout2,CareCentre2,Mall2,DPS2
Karnataka,Bangalore,Richmond Town,560025,Bank3,Dineout3,CareCentre3,Mall3,DPS3
Karnataka,Bangalore,Rv Niketan,560059,Bank4,Dineout4,CareCentre4,Mall4,DPS4
Karnataka,Bangalore,Sadashivanagar,560080,Bank5,Dineout5,CareCentre5,Mall5,DPS5
Karnataka,Bangalore,Sahakaranagar P.o,560092,Bank6,Dineout6,CareCentre6,Mall6,DPS6
Karnataka,Bangalore,Samandur,562106,Bank7,Dineout7,CareCentre7,Mall7,DPS7
Karnataka,Bangalore,Samethanahalli,560067,Bank8,Dineout8,CareCentre8,Mall8,DPS8
Karnataka,Bangalore,Sampangiramnagar,560027,Bank9,Dineout9,CareCentre9,Mall9,DPS9
Karnataka,Bangalore,Sarjapura,562125,Bank10,Dineout10,CareCentre10,Mall10,DPS10
Karnataka,Bangalore,Science Institute,560012,Bank11,Dineout11,CareCentre11,Mall11,DPS11
Karnataka,Bangalore,Seshadripuram,560020,Bank1,Dineout1,CareCentre1,Mall1,DPS1
Karnataka,Bangalore,Shankarpura,560004,Bank2,Dineout2,CareCentre2,Mall2,DPS2
Karnataka,Bangalore,Shanthinagar,560027,Bank3,Dineout3,CareCentre3,Mall3,DPS3
Karnataka,Bangalore,Sidihoskote,562106,Bank4,Dineout4,CareCentre4,Mall4,DPS4
Karnataka,Bangalore,Singanayakanahalli,560064,Bank5,Dineout5,CareCentre5,Mall5,DPS5
Karnataka,Bangalore,Sivan Chetty gardens,560042,Bank6,Dineout6,CareCentre6,Mall6,DPS6
Karnataka,Bangalore,Someswarapura,560008,Bank7,Dineout7,CareCentre7,Mall7,DPS7
Karnataka,Bangalore,Sri Jayachamarajendra road,560002,Bank8,Dineout8,CareCentre8,Mall8,DPS8
Karnataka,Bangalore,Srirampuram,560021,Bank9,Dineout9,CareCentre9,Mall9,DPS9
Karnataka,Bangalore,St. john's medical college,560034,Bank10,Dineout10,CareCentre10,Mall10,DPS10
Karnataka,Bangalore,St. thomas town,560084,Bank11,Dineout11,CareCentre11,Mall11,DPS11
Karnataka,Bangalore,State Bank of mysore colony,560050,Bank1,Dineout1,CareCentre1,Mall1,DPS1
Karnataka,Bangalore,Subhashnagar,560009,Bank2,Dineout2,CareCentre2,Mall2,DPS2
Karnataka,Bangalore,Subramanyapura,560061,Bank3,Dineout3,CareCentre3,Mall3,DPS3
Karnataka,Bangalore,Swimming Pool extn,560003,Bank4,Dineout4,CareCentre4,Mall4,DPS4
Karnataka,Bangalore,Tarahunise,562157,Bank5,Dineout5,CareCentre5,Mall5,DPS5
Karnataka,Bangalore,Tavarekere,562130,Bank6,Dineout6,CareCentre6,Mall6,DPS6
Karnataka,Bangalore,Taverekere,560029,Bank7,Dineout7,CareCentre7,Mall7,DPS7
Karnataka,Bangalore,Thambuchetty Palya,560049,Bank8,Dineout8,CareCentre8,Mall8,DPS8
Karnataka,Bangalore,Thammanayakanahalli,562106,Bank9,Dineout9,CareCentre9,Mall9,DPS9
Karnataka,Bangalore,Tilaknagar,560041,Bank10,Dineout10,CareCentre10,Mall10,DPS10
Karnataka,Bangalore,Training Command iaf,560006,Bank11,Dineout11,CareCentre11,Mall11,DPS11
Karnataka,Bangalore,Tyagrajnagar,560028,Bank1,Dineout1,CareCentre1,Mall1,DPS1
Karnataka,Bangalore,Ullalu Upanagara,560056,Bank2,Dineout2,CareCentre2,Mall2,DPS2
Karnataka,Bangalore,Vanakanahalli,562106,Bank3,Dineout3,CareCentre3,Mall3,DPS3
Karnataka,Bangalore,Vartur,560087,Bank4,Dineout4,CareCentre4,Mall4,DPS4
Karnataka,Bangalore,Vasanthnagar,560052,Bank5,Dineout5,CareCentre5,Mall5,DPS5
Karnataka,Bangalore,Venkatarangapura,560003,Bank6,Dineout6,CareCentre6,Mall6,DPS6
Karnataka,Bangalore,Venkateshapura,560045,Bank7,Dineout7,CareCentre7,Mall7,DPS7
Karnataka,Bangalore,Vidhana Soudha,560001,Bank8,Dineout8,CareCentre8,Mall8,DPS8
Karnataka,Bangalore,Vidyanagara,562157,Bank9,Dineout9,CareCentre9,Mall9,DPS9
Karnataka,Bangalore,Vidyaranyapura,560097,Bank10,Dineout10,CareCentre10,Mall10,DPS10
Karnataka,Bangalore,Vijayanagar,560040,Bank11,Dineout11,CareCentre11,Mall11,DPS11
Karnataka,Bangalore,Vijayanagar East,560040,Bank1,Dineout1,CareCentre1,Mall1,DPS1
Karnataka,Bangalore,Vikramnagar,560078,Bank2,Dineout2,CareCentre2,Mall2,DPS2
Karnataka,Bangalore,Vimapura,560017,Bank3,Dineout3,CareCentre3,Mall3,DPS3
Karnataka,Bangalore,Virgonagar,560049,Bank4,Dineout4,CareCentre4,Mall4,DPS4
Karnataka,Bangalore,Visveswarapuram,560004,Bank5,Dineout5,CareCentre5,Mall5,DPS5
Karnataka,Bangalore,Viswaneedam,560091,Bank6,Dineout6,CareCentre6,Mall6,DPS6
Karnataka,Bangalore,Vittalnagar,560018,Bank7,Dineout7,CareCentre7,Mall7,DPS7
Karnataka,Bangalore,Viveknagar,560047,Bank8,Dineout8,CareCentre8,Mall8,DPS8
Karnataka,Bangalore,Vyalikaval Extn,560003,Bank9,Dineout9,CareCentre9,Mall9,DPS9
Karnataka,Bangalore,Wheel And axle plant,560064,Bank10,Dineout10,CareCentre10,Mall10,DPS10
Karnataka,Bangalore,Whitefield,560066,Bank11,Dineout11,CareCentre11,Mall11,DPS11
Karnataka,Bangalore,Wilson Garden,560027,Bank1,Dineout1,CareCentre1,Mall1,DPS1
Karnataka,Bangalore,Yadavanahalli,562107,Bank2,Dineout2,CareCentre2,Mall2,DPS2
Karnataka,Bangalore,Yediyur,560070,Bank3,Dineout3,CareCentre3,Mall3,DPS3
Karnataka,Bangalore,Yelachenahalli,560078,Bank4,Dineout4,CareCentre4,Mall4,DPS4
Karnataka,Bangalore,Yelahanka,560064,Bank5,Dineout5,CareCentre5,Mall5,DPS5
Karnataka,Bangalore,Yelahanka Satellite town,560064,Bank6,Dineout6,CareCentre6,Mall6,DPS6
Karnataka,Bangalore,Yemalur,560037,Bank7,Dineout7,CareCentre7,Mall7,DPS7
Karnataka,Bangalore,Yeshwanthpur Bazar,560022,Bank8,Dineout8,CareCentre8,Mall8,DPS8
Karnataka,Bangalore,Yeswanthpura,560022,Bank9,Dineout9,CareCentre9,Mall9,DPS9
